pKey;JobStartDate;JobEndDate;APINumber;StateNumber;CountyNumber;OperatorName;WellName;Latitude;Longitude;Projection;TVD;TotalBaseWaterVolume;TotalBaseNonWaterVolume;StateName;CountyName;FFVersion;FederalWell;IndianWell
448C1DAB-C7FD-4E07-9D6F-E3B1CF64B708;1955-05-01 00:00:00.000;1955-05-01 00:00:00.000;42317372620000;42;317;Pioneer Natural Resources;Rogers 42 #5;32,28343107;-101,9065747;NAD27;NULL;NULL;NULL;Texas;Martin;1;0;0
F66ADD2E-8EA8-4843-9388-24725B5D37C1;1982-05-19 00:00:00.000;1982-05-19 00:00:00.000;49009219470000;49;9;Chesapeake Operating, Inc.;WILLIAM VALENTINE 1;42,97281;-105,95384;NAD27;NULL;NULL;NULL;WYOMING;CONVERSE;1;0;0
95F0904C-2556-4912-9F5A-34913BA57625;1995-02-07 00:00:00.000;1995-02-07 00:00:00.000;49009228850000;49;9;Chesapeake Operating, Inc.;LIZARD HEAD 1-8H RE;42,85147;-105,41151;NAD27;NULL;NULL;NULL;WYOMING;CONVERSE;1;0;0
5A9513E7-B79F-4488-9F64-FA0960E595F3;1996-06-11 00:00:00.000;1996-06-11 00:00:00.000;42335355480000;42;335;Energen Resources Corporation;North Westbrook Unit/Well No. 3032;32,44026;-101,03013;NAD27;NULL;NULL;NULL;Texas ;Mitchell;1;0;0
36368C95-A097-40EA-BB9F-2B647DE7B913;2001-12-13 00:00:00.000;2001-12-13 00:00:00.000;42395313840000;42;395;XTO Energy/ExxonMobil;Olene Reagan 3-1;31,25798;-96,37482;NAD27;NULL;NULL;NULL;Texas;Robertson;1;0;0
38F462A7-7AF8-4461-A647-C177E01B1542;2004-11-14 00:00:00.000;2014-11-14 00:00:00.000;15077220930100;15;77;Tapstone Energy;LeAnn 21-34-9 1H;37,06457825;-98,29749086;NAD27;4634;1425522;0;Kansas;Harper;2;0;0
8362462C-B4E5-4DBE-BAED-7E860DFA6987;2004-11-14 00:00:00.000;2014-11-20 00:00:00.000;42123336390000;42;123;BHP Billiton Petroleum ;M Cusack B 5H;29,15859028;-97,40242361;NAD27;17712;4633612;0;Texas;DeWitt;2;0;0
03132222-A8BB-4D43-B21B-198D3A000DF4;2005-08-18 00:00:00.000;2015-06-21 00:00:00.000;42409327940000;42;409;EOG Resources, Inc.;NARROW ROAD GU #1;27,90755;-97,37778;NAD83;14481,882;66150;0;Texas;San Patricio;2;0;0
B4837995-11D8-4CD4-B7C9-B059E43673BF;2008-07-25 00:00:00.000;2015-07-13 00:00:00.000;42409328870000;42;409;EOG Resources, Inc.;SHELL D #1;27,91539;-97,37111;NAD83;12554,876;113400;0;Texas;San Patricio;2;0;0
D7FA1DBC-B688-4B2B-8A3C-29FF3887BBBE;2008-09-22 00:00:00.000;2008-09-22 00:00:00.000;37059247370000;37;59;CONSOL Energy Inc.;CNX3;39,893301;-80,296207;NAD27;NULL;NULL;NULL;PA;Greene;1;0;0
05E11984-99F4-4727-AEBD-15F20E621316;2008-11-19 00:00:00.000;2008-11-19 00:00:00.000;37105214840000;37;105;Pennsylvania General Energy;Fisk Hollow PV PAD A #2146;41,847809;-78,15737;NAD83;5770;4117827;NULL;Pennsylvania;Potter;1;0;0
8466CC0A-AAE9-4964-B60F-7FE17160497B;2009-01-22 00:00:00.000;2009-01-22 00:00:00.000;37059249650000;37;59;CONSOL Energy Inc.;CNX2;39,895532;-80,286684;NAD27;NULL;NULL;NULL;PA;Greene;1;0;0
4F873D4D-7C41-4A47-AF4F-62BE679F9D03;2009-02-07 00:00:00.000;2009-02-07 00:00:00.000;37059248330000;37;59;CONSOL Energy Inc.;CNX2A;39,895806;-80,286569;NAD27;NULL;NULL;NULL;WV;Greene;1;0;0
94C9044B-75EE-4270-90FC-6202BD897063;2009-04-01 00:00:00.000;2009-04-01 00:00:00.000;37059250490000;37;59;CONSOL Energy Inc.;GH-10CV;39,90346;-80,30208;NAD27;NULL;NULL;NULL;PA;Greene;1;0;0
4EE99764-761D-4516-B319-ABFE9192722E;2009-04-14 00:00:00.000;2009-04-14 00:00:00.000;37059250480000;37;59;CONSOL Energy Inc.;GH-10ACV;39,90369;-80,30197;NAD27;NULL;NULL;NULL;PA;Greene;1;0;0
241C34A0-9147-42DC-ACB4-B4DC07EC9102;2009-05-26 00:00:00.000;2009-05-26 00:00:00.000;37059251020000;37;59;CONSOL Energy Inc.;GH-11CV;39,906516;-80,300237;NAD27;NULL;NULL;NULL;PA;Greene;1;0;0
7BE0D44D-9617-487C-9A22-A2C114CE5E08;2009-05-26 00:00:00.000;2009-05-26 00:00:00.000;37059251030000;37;59;CONSOL Energy Inc.;GH-11ACV;39,906393;-80,300131;NAD27;NULL;NULL;NULL;PA;Greene;1;0;0
A0BF8178-23DF-4A9E-87A9-63B6F96DBB38;2009-06-06 00:00:00.000;2009-06-06 00:00:00.000;33025009000000;33;25;Kodiak Oil & Gas Corp;Two Shields Butte 16-8-7H;47,733591;-102,471791;NAD83;NULL;NULL;NULL;North Dakota;Dunn;1;0;0
5C2708D4-72C7-4078-BEFD-F3C409759555;2009-06-23 00:00:00.000;2009-06-23 00:00:00.000;37059250480000;37;59;CONSOL Energy Inc.;GH-10BCV;39,90327;-80,30221;NAD27;NULL;NULL;NULL;PA;Greene;1;0;0
7ECB3F11-F69C-4957-9EE9-7AC5C9EADD05;2009-06-29 00:00:00.000;2009-06-29 00:00:00.000;37105215000000;37;105;Pennsylvania General Energy;Reed Run Keating PAD A #2145;41,728259;-78,168164;NAD83;6020;3839848;NULL;Pennsylvania;Potter;1;0;0
41FA065F-1D8D-4E86-A21D-CE6D5FE89E77;2009-07-07 00:00:00.000;2009-07-07 00:00:00.000;37105212980000;37;105;Pennsylvania General Energy;Pine Hill #1941A;41,614847;-77,876404;NAD83;6124;4032381;NULL;Pennsylvania;Potter;1;0;0
F98E67C5-8B7B-45B9-84D4-B4E5F2DE6E86;2009-07-13 00:00:00.000;2009-07-13 00:00:00.000;37059251250000;37;59;Energy Corporation of America;Henderson King #2MH;39,883933;-80,026847;NAD27;8350;2899932;NULL;PA;Greene;1;0;0
AD868E2A-A6EB-4456-A7F0-A1BA19E664A9;2009-07-28 00:00:00.000;2009-07-28 00:00:00.000;30025374130000;30;25;Chesapeake Operating, Inc.;PALOMA 30 FEDERAL 2;32,27491;-103,50796;NAD27;NULL;NULL;NULL;NEW MEXICO;LEA;1;0;0
6246EF12-8ACA-47DC-9271-B93A21B9CD1C;2009-08-03 00:00:00.000;2009-08-03 00:00:00.000;37053290190000;37;53;Pennsylvania General Energy;Forest #2124;41,550398;-79,164522;NAD83;5175;5720382;NULL;Pennsylvania;Forest;1;0;0
7706EA16-AFDE-478F-896A-CAC9BFBDBEF6;2009-08-06 00:00:00.000;2009-08-06 00:00:00.000;37059251720000;37;59;CONSOL Energy Inc.;CNX2B;39,89581;-80,28665;NAD27;NULL;NULL;NULL;PA;Greene;1;0;0
17E3AC48-824D-4B3B-B36C-D6ED0170675A;2009-08-17 00:00:00.000;2009-08-17 00:00:00.000;37059251390000;37;59;Energy Corporation of America;Blaker Minor #1MH;39,86405;-80,027669;NAD27;8330;2491650;NULL;PA;Greene;1;0;0
24A0ED7F-83CF-44DA-AA46-028B908EDE05;2009-08-29 00:00:00.000;2009-08-29 00:00:00.000;37059251440000;37;59;CONSOL Energy Inc.;GH-34CV;39,89871;-80,27906;NAD27;NULL;NULL;NULL;PA;Greene;1;0;0
8158DA12-2677-4FDA-A808-A8C31BD6A366;2009-09-02 00:00:00.000;2009-09-02 00:00:00.000;37105215880000;37;105;Pennsylvania General Energy;Fisk Hollow PV PAD A #2378;41,846893;-78,156353;NAD83;5810;6176104;NULL;Pennsylvania;Potter;1;0;0
449BEEEA-10F4-4D1D-BD63-BA83F4B66E53;2009-09-08 00:00:00.000;2009-09-08 00:00:00.000;37059252090000;37;59;Energy Corporation of America;Kemsod #1 MH;39,834189;-80,024058;NAD27;8250;3352314;NULL;PA;Greene;1;0;0
88368E57-F1B7-443C-A6A0-66F222D5173C;2009-10-16 00:00:00.000;2009-10-16 00:00:00.000;37059251340000;37;59;Energy Corporation of America;HOGE / NOCE # 1 MH;39,882947;-79,989006;NAD27;8500;2758728;NULL;PA;Greene;1;0;0
D326819C-E573-4416-A498-06DD3644CE67;2009-10-21 00:00:00.000;2009-10-21 00:00:00.000;37083542950000;37;83;Pennsylvania General Energy;Warrant 2716 #2379;41,637441;-78,369868;NAD83;NULL;NULL;NULL;Pennsylvania;McKean;1;0;0
5FA74403-3548-4AF2-8757-F01F1ABF682D;2009-12-01 00:00:00.000;2009-12-01 00:00:00.000;37105214840000;37;105;Pennsylvania General Energy;Pine Hill #2382;41,591955;-77,968058;NAD83;7077;6143877;NULL;Pennsylvania;Potter;1;0;0
67162AC7-6826-4F51-8694-257638AF8659;2009-12-03 00:00:00.000;2009-12-03 00:00:00.000;37059251680000;37;59;CONSOL Energy Inc.;GH-11CCV;39,906434;-80,300291;NAD27;NULL;NULL;NULL;PA;Greene;1;0;0
B2C9BDE3-11FE-4BF0-9FCD-8F63FDF9C336;2009-12-09 00:00:00.000;2009-12-09 00:00:00.000;33105016930000;33;105;Statoil Oil & Gas LP;Olson 10-15 #1H;48,182739;-103,796774;NAD83;NULL;NULL;NULL;North Dakota;Williams;1;0;0
A716AC4C-121A-4075-9C5B-B0103738B206;2010-01-31 00:00:00.000;2010-01-31 00:00:00.000;5045177660000;5;45;Occidental Oil and Gas;SHELL 797-03-06B;39,478386;-108,202125;NAD83;NULL;NULL;NULL;Colorado;Garfield;1;0;0
3FDCC65D-5E34-4EC8-862E-D26ECBE1A92D;2010-01-31 00:00:00.000;2010-01-31 00:00:00.000;5045177640000;5;45;Occidental Oil and Gas;SHELL 697-34-08A;39,478411;-108,20145;NAD83;NULL;NULL;NULL;Colorado;Garfield;1;0;0
98142D28-A334-4CB4-9137-79B3F5672338;2010-02-03 00:00:00.000;2010-02-03 00:00:00.000;37131200200000;37;131;Citrus Energy Corporation;PROCTER & GAMBLE MEHOOPANY PLT P&G 2 1H;41,578136;-76,027256;NAD83;7807;2453304;NULL;Pennsylvania;Wyoming;1;0;0
2B838FE5-3AE6-4300-A4C5-14681DCD49B3;2010-02-08 00:00:00.000;2010-02-08 00:00:00.000;5103116020000;5;103;Mesa Energy Partners, LLC;BDU 6606A F01-199;40,00214;-108,45718;NAD27;NULL;NULL;NULL;Colorado;Rio Blanco;1;0;0
3C8D3431-BFC8-497A-A144-684170F3B6FD;2010-02-08 00:00:00.000;2010-02-08 00:00:00.000;5045178790000;5;45;Occidental Oil and Gas;SHELL 697-34-16A;39,478419;-108,201397;NAD83;NULL;NULL;NULL;Colorado;Garfield;1;0;0
F41558D0-CA08-48F4-85BD-C49C8B762F45;2010-02-10 00:00:00.000;2010-02-10 00:00:00.000;42439345270000;42;439;XTO Energy/ExxonMobil;Mira Lagos Unit 8H;32,5877406;-97,0473;NAD27;NULL;NULL;NULL;Texas;Tarrant;1;0;0
4AEF7D9B-CC87-4721-B164-8F37860EF72A;2010-02-11 00:00:00.000;2010-02-11 00:00:00.000;37051243690000;37;51;Chevron USA Inc.;Jackson Farms 37H;39,969078;-79,838689;NAD83;NULL;NULL;NULL;Pennsylvania ;Fayette;1;0;0
4FE6B6AE-0CF0-4373-8D0C-9329CD8343D3;2010-02-12 00:00:00.000;2010-02-12 00:00:00.000;5045175860000;5;45;Occidental Oil and Gas;SHELL 697-34-22A;39,4784;-108,201556;NAD83;NULL;NULL;NULL;Colorado;Garfield;1;0;0
A92DF3F6-FE2A-4B3E-BE01-2B1964C8A75C;2010-02-12 00:00:00.000;2010-02-12 00:00:00.000;5045175870000;5;45;Occidental Oil and Gas;SHELL 697-34-22B;39,47838;-108,20217;NAD83;NULL;NULL;NULL;Colorado;Garfield;1;0;0
E443F33B-A99F-4F86-8D00-FFC9B93DD382;2010-02-12 00:00:00.000;2010-02-12 00:00:00.000;5045177650000;5;45;Occidental Oil and Gas;SHELL 797-03-06A;39,478406;-108,201503;NAD83;NULL;NULL;NULL;Colorado;Garfield;1;0;0
83F3B2D8-78C8-4B66-A8C8-9BC1105FF788;2010-02-19 00:00:00.000;2010-02-19 00:00:00.000;37059252110000;37;59;Energy Corporation of America;Skib #4MH;39,896444;-80,069722;NAD83;7730;4010833;NULL;PA;Greene;1;0;0
D2DFC8B0-2B40-43D7-9E4F-FF3900B10272;2010-02-20 00:00:00.000;2010-02-20 00:00:00.000;37059253050000;37;59;CONSOL Energy Inc.;GH-2BCV;39,89309;-80,28635;NAD27;NULL;NULL;NULL;PA;Greene;1;0;0
BA6865FE-9149-4978-99A5-81D4629B933F;2010-02-23 00:00:00.000;2010-02-23 00:00:00.000;37081201790000;37;81;Pennsylvania General Energy;COP Tract 293  Well #2400;41,34715614;-77,37739635;NAD83;NULL;NULL;NULL;Pennsylvania;Lycoming ;1;0;0
C75B3EA7-D3CE-4D1C-A34E-6CA9E95737F4;2010-02-24 00:00:00.000;2010-02-24 00:00:00.000;42135407020000;42;135;Apache Corporation;TXL South Unit #5210H;31,80197;-102,70534;NAD27;NULL;NULL;NULL;Texas;Ector;1;0;0
9D21A1DB-CEBF-478F-AF7E-2F1F75F3C5AC;2010-03-09 00:00:00.000;2010-03-09 00:00:00.000;42335355900000;42;335;Quantum Resources Management, LLC;Turner Gregory Unit #909;32,381296;-101,115297;NAD27;NULL;NULL;NULL;Texas;Mitchell;1;0;0
2C63E2A2-D667-4A3C-A415-6DAE7F1F0D78;2010-03-15 00:00:00.000;2010-03-15 00:00:00.000;42439344570000;42;439;XTO Energy/ExxonMobil;Noland Unit 1H;32,829094;-97,486392;NAD27;NULL;NULL;NULL;Texas;Tarrant;1;0;0
D8224EDC-BA49-4DE3-B5DA-BDB9256461CD;2010-03-22 00:00:00.000;2010-03-22 00:00:00.000;5045175850000;5;45;Occidental Oil and Gas;SHELL 697-34-14A;39,478389;-108,202226;NAD83;NULL;NULL;NULL;Colorado;Garfield;1;0;0
F13E3281-D1FC-44B0-8245-5551A629C8EE;2010-03-22 00:00:00.000;2010-03-22 00:00:00.000;5045175840000;5;45;Occidental Oil and Gas;SHELL 697-34-14B;39,478389;-108,2022;NAD83;NULL;NULL;NULL;Colorado;Garfield;1;0;0
F840A421-5A0B-4A7E-8E62-D69C845F8C50;2010-03-23 00:00:00.000;2010-03-23 00:00:00.000;42335355920000;42;335;Quantum Resources Management, LLC;Turner Gregory Unit #912;32,37603;-101,113684;NAD27;NULL;NULL;NULL;Texas;Mitchell;1;0;0
C6CFCCDA-B720-4422-A3A1-E6402CD3C465;2010-03-24 00:00:00.000;2010-03-24 00:00:00.000;5045172650000;5;45;WPX Energy;Jolley 17-25D;39,5295906;-107,5810121;NAD83;NULL;NULL;NULL;Colorado;Garfield;1;0;0
EF3FD2A2-70EE-46F4-930A-566A94B61C8A;2010-03-25 00:00:00.000;2010-03-25 00:00:00.000;37059253970000;37;59;CONSOL Energy Inc.;GH-10CCV;39,9035;-80,30238;NAD27;NULL;NULL;NULL;PA;Greene;1;0;0
82F74DFA-E0C3-44E2-BEC8-4280B7D02653;2010-04-07 06:00:00.000;2010-04-10 10:00:00.000;37033268280000;37;33;EQT Production;590383;40,850322;-78,659939;NAD83;12985;4347356;0;Pennsylvania;Clearfield;2;0;0
EB01F3C9-42EF-4398-8EE7-716851772C98;2010-04-10 00:00:00.000;2010-04-10 00:00:00.000;37059252680000;37;59;Energy Corporation of America;PENNECO/MORROW   2MH;39,841275;-80,086392;NAD27;13011;4151070;NULL;PA;Greene;1;0;0
DC433A3D-001F-42CE-B367-32EC91DDD7E0;2010-04-14 00:00:00.000;2010-04-14 00:00:00.000;5045172630000;5;45;WPX Energy;KP 313-16;39,5266589;-107,5665099;NAD83;NULL;NULL;NULL;Colorado;Garfield;1;0;0
7348E9FC-BD37-48F3-9C9B-7E2CD0974C1B;2010-04-15 00:00:00.000;2010-04-15 00:00:00.000;37059253090000;37;59;CONSOL Energy Inc.;GH-2ACV;39,893;-80,2864;NAD27;NULL;NULL;NULL;PA;Greene;1;0;0
C564E6CE-B461-4A99-8309-85DD2A51E215;2010-04-15 00:00:00.000;2010-04-15 00:00:00.000;47091011880000;47;91;Triana Energy;Currey 1H;39,35;-80,14093;NAD83;7500;4661580;NULL;WV;Taylor;1;0;0
EAE6C233-9940-4E10-A861-23F4B2CA5D65;2010-04-16 18:24:00.000;2011-02-02 23:01:27.000;33061011980000;33;61;Hess Corporation; RS-Rudolph 157-90-1708H-1;48,416602;-102,334122;NAD27;9026;714245;0;North Dakota;Mountrail;2;0;0
7C796377-0551-4991-8FE6-9EB99F25A7FD;2010-05-03 00:00:00.000;2010-05-03 00:00:00.000;49035276890000;49;35;Encana Oil & Gas (USA) Inc.;Stud Horse Butte 48-17;42,48361;-109,735;NAD83;NULL;NULL;NULL;Wyoming;Sublette;1;0;0
0B289985-E1A1-4D49-854F-7B876FEFA1C8;2010-05-03 00:00:00.000;2010-05-03 00:00:00.000;49035276970000;49;35;Encana Oil & Gas (USA) Inc.;Stud Horse Butte 32-17;42,4872;-109,735159;NAD83;NULL;NULL;NULL;Wyoming;Sublette;1;0;0
628DADA9-9339-4E7A-8218-DADF802067FA;2010-05-16 00:00:00.000;2010-05-16 00:00:00.000;47097037490000;47;97;CONSOL Energy Inc.;ALT1AHS;38,794471;-80,184449;NAD27;NULL;NULL;NULL;WV;Upshur;1;0;0
0A36FA52-596C-455F-97FC-52ABD03B9F5B;2010-05-21 00:00:00.000;2010-05-21 00:00:00.000;37059252420000;37;59;CONSOL Energy Inc.;NV-22ACV;39,98248;-80,29542;NAD27;NULL;NULL;NULL;PA;Greene;1;0;0
3934F1C2-58B2-4EED-971A-3646C32FEE0F;2010-05-22 00:00:00.000;2010-05-22 00:00:00.000;37059251450000;37;59;CONSOL Energy Inc.;NV-22CV;39,98264;-80,29549;NAD27;NULL;NULL;NULL;PA;Greene;1;0;0
E3ABB598-61AF-4533-88EC-F63F0EEF82EA;2010-05-25 00:00:00.000;2010-05-25 00:00:00.000;42003437890000;42;3;Quantum Resources Management, LLC;Gray, Columbus Etal #1935;32,228097;-102,670937;NAD27;NULL;NULL;NULL;Texas;Andrews;1;0;0
1037EBDC-292C-4D05-B40D-6520A8020CDF;2010-05-25 00:00:00.000;2010-05-25 00:00:00.000;42003437860000;42;3;Quantum Resources Management, LLC;Gray, Columbus Etal #1951;32,237127;-102,66506;NAD27;NULL;NULL;NULL;Texas;Andrews;1;0;0
D01B43ED-7F7D-4EF2-B677-C614F6A35CB0;2010-05-26 00:00:00.000;2010-05-26 00:00:00.000;47097037510000;47;97;CONSOL Energy Inc.;ALT1CHS;38,794571;-80,184393;NAD27;NULL;NULL;NULL;WV;Upshur;1;0;0
F2B7B421-1A44-410A-9D56-CB3995CB1257;2010-05-27 00:00:00.000;2010-05-27 00:00:00.000;47097037500000;47;97;CONSOL Energy Inc.;ALT1BHS;38,794471;-80,184449;NAD27;NULL;NULL;NULL;WV;Upshur;1;0;0
B1EF7049-2A18-4144-896F-28FC8DF214DE;2010-05-27 00:00:00.000;2010-05-27 00:00:00.000;47097037520000;47;97;CONSOL Energy Inc.;ALT1DHS;38,79462;-80,184362;NAD27;NULL;NULL;NULL;WV;Upshur;1;0;0
178A1019-F557-41B2-AB86-E4D5A0086493;2010-06-11 00:00:00.000;2010-06-11 00:00:00.000;33105017610000;33;105;Statoil Oil & Gas LP;Owan 29-32 #1H  ;48,139518;-103,952588;NAD83;NULL;NULL;NULL;North Dakota;Williams;1;0;0
E25CDE44-9F3F-4984-9317-5ABDD73A6C29;2010-06-29 00:00:00.000;2010-06-29 00:00:00.000;33053030970000;33;53;Statoil Oil & Gas LP;Sedlacek Trust 33-4 #1H;47,9489783;-103,99519;NAD83;NULL;NULL;NULL;North Dakota;McKenzie;1;0;0
1E81E5F3-6197-439E-B833-3A380AC9853E;2010-06-30 00:00:00.000;2010-06-30 00:00:00.000;37059252790000;37;59;Energy Corporation of America;Gribble Unit  4 MH;39,869122;-80,013033;NAD27;8300;2791992;NULL;PA;Greene;1;0;0
3C46E787-1FB8-4613-9885-CBF9D7BA0423;2010-06-30 00:00:00.000;2010-06-30 00:00:00.000;37059252800000;37;59;Energy Corporation of America;Gribble Unit  5 MH;39,869144;-80,013078;NAD27;8300;2586402;NULL;PA;Greene;1;0;0
7EC7C131-6626-4C4C-A91C-7B61BE3F8896;2010-06-30 00:00:00.000;2010-06-30 00:00:00.000;37059253470000;37;59;Energy Corporation of America;Gribble Unit 6 MH;39,869178;-80,013122;NAD27;8200;2873430;NULL;PA;Greene;1;0;0
FCE46934-EE59-46EC-8755-893DC4D4CCDE;2010-07-06 00:00:00.000;2010-07-06 00:00:00.000;37131200240000;37;131;Citrus Energy Corporation;Procter & Gamble Mehoopany Plt 4 1 H;41,577036;-76,044367;NAD83;7595;1660848;NULL;Pennsylvania;Wyoming;1;0;0
A02ACC0A-C89F-40F4-BE45-ACDD65CEEC78;2010-07-25 00:00:00.000;2010-07-25 00:00:00.000;37059252650000;37;59;CONSOL Energy Inc.;NV-17BCV;40,00482;-80,28806;NAD27;NULL;NULL;NULL;PA;Greene;1;0;0
23C8E2A7-1283-4A39-9025-D8C19FE8F091;2010-07-27 00:00:00.000;2010-07-27 00:00:00.000;37059252780000;37;59;Energy Corporation of America;Gribble Unit 3 MH;39,869097;-80,012989;NAD27;8300;6199074;NULL;PA;Greene;1;0;0
72AE1159-D4CB-4DE2-8FD8-B7BD3F10B0F2;2010-07-27 00:00:00.000;2010-07-27 00:00:00.000;37059252650000;37;59;CONSOL Energy Inc.;NV-17DCV;40,00485;-80,28816;NAD27;NULL;NULL;NULL;PA;Greene;1;0;0
A35C73AC-42FF-4E08-9D6C-00CB72507BB5;2010-08-04 00:00:00.000;2010-08-04 00:00:00.000;33061012780000;33;61;Statoil Oil & Gas LP;Wright 4-33 #1H;48,270213;-102,645184;NAD83;NULL;NULL;NULL;North Dakota;Mountrail;1;0;0
6A982552-3D18-4F36-B437-02E01C6EB151;2010-08-10 00:00:00.000;2010-08-10 00:00:00.000;3141114450000;3;141;Southwestern Energy ;LINN CONAL 10-12 3-7H1;35,514314;-92,315682;NAD27;NULL;NULL;NULL;Arkansas;VAN BUREN;1;0;0
EF33641D-6D28-419F-A348-B9C64CA5D48C;2010-08-14 00:00:00.000;2010-08-14 00:00:00.000;37059253130000;37;59;Energy Corporation of America;Gribble Unit  1 MH;39,869053;-80,0129;NAD27;8142;3326946;NULL;PA;Greene;1;0;0
E0ED0CDD-1604-47D7-8E5C-CBC136CE3FF7;2010-08-15 00:00:00.000;2010-08-15 00:00:00.000;37059252770000;37;59;Energy Corporation of America;Gribble Unit  2 MH;39,869075;-80,012944;NAD27;8300;2836428;NULL;PA;Greene;1;0;0
5CD7A844-974E-4B91-804F-144DF25A73D9;2010-08-20 00:00:00.000;2010-08-20 00:00:00.000;5069064000000;5;69;Black Diamond Minerals LLC;Community #7;40,656255;-105,041223;NAD83;NULL;NULL;NULL;CO;Larimer;1;0;0
6440DFF3-6B2E-4AE7-81E3-11027048D578;2010-08-30 00:00:00.000;2010-09-05 00:00:00.000;42123323200000;42;123;BHP Billiton Petroleum ;Lanik B 1H;29,015252;-97,638083;NAD27;13229;4155126;0;Texas;DeWitt;2;0;0
075C71BF-6565-4758-8AF3-7A49ED5851E4;2010-08-30 00:00:00.000;2010-09-05 00:00:00.000;42123323200000;42;123;Devon Energy Production Company L. P.;Lanik B 1H;29,005491;-97,38171;NAD83;13229;4155126;0;Texas;DeWitt;2;0;0
4A4CE395-48F2-44D2-B3B4-BB5A50ACF520;2010-09-07 00:00:00.000;2010-09-07 00:00:00.000;37131200250000;37;131;Citrus Energy Corporation;Procter & Gamble Mehoopany Plt 1 1 H;41,572598;-76,031757;NAD83;7442;4469136;NULL;Pennsylvania;Wyoming;1;0;0
6BFF6C0B-8B1D-44C0-B4FD-7FE0B794E214;2010-09-08 00:00:00.000;2010-09-08 00:00:00.000;37059251380000;37;59;Energy Corporation of America;Fuller  #1MH;39,872094;-80,003881;NAD27;8107;3597930;NULL;PA;Greene;1;0;0
85EC9084-F745-4158-AB5A-0BCC77033A8C;2010-09-09 00:00:00.000;2010-09-09 00:00:00.000;37059251400000;37;59;Energy Corporation of America;Fuller #3MH;39,872061;-80,003797;NAD27;8083;3221736;NULL;PA;Greene;1;0;0
89F09135-CE88-4D95-B08A-CCE0C636804E;2010-09-15 00:00:00.000;2010-09-15 00:00:00.000;5045188280000;5;45;WPX Energy;SP 411-14;39,4405181;-107,9727286;NAD83;NULL;NULL;NULL;Colorado;Garfield;1;0;0
F2396E1F-B362-4212-93EF-C61DDFE3B4C7;2010-09-20 00:00:00.000;2010-09-20 00:00:00.000;5045195690000;5;45;WPX Energy;KP 414-23;39,509026;-107,524546;NAD83;NULL;NULL;NULL;Colorado;Garfield;1;0;0
7B4BEEB9-4D19-44D6-ABB6-BE4B709A8166;2010-09-21 00:00:00.000;2010-09-21 00:00:00.000;37105216510000;37;105;Pennsylvania General Energy;Pine Hill #2413;41,61479;-77,8764;NAD83;6200;6169894;NULL;Pennsylvania;Potter;1;0;0
78BC389E-BCFA-466D-ACE1-835C05562F81;2010-09-22 00:00:00.000;2010-09-22 00:00:00.000;35129234210000;35;129;Ward Petroleum;Barber 1-21 H;35,84182;-99,74909;NAD83;NULL;NULL;NULL;Oklahoma;Roger Mills;1;0;0
E4612844-D742-4279-9224-ADAD6FD92401;2010-09-22 18:24:00.000;2011-02-02 23:01:27.000;33061012320000;33;61;Hess Corporation; RS-Nelson Farms 156-90-2829H-1;48,304338;-102,243329;NAD27;9168;907251;0;North Dakota;Mountrail;2;0;0
1EC1303A-9EE3-4CCE-8000-3C9C8E0FF15C;2010-09-23 00:00:00.000;2010-10-02 00:00:00.000;42123323160000;42;123;BHP Billiton Petroleum ;Oliver B 1H;29,218917;-97,40834;NAD27;12609;5384066;0;Texas;DeWitt;2;0;0
46E735CE-0463-41E6-AD0E-C77C99B5E760;2010-09-27 00:00:00.000;2010-09-27 00:00:00.000;33053031400000;33;53;Statoil Oil & Gas LP;Abelmann 23-14 #1H;47,964629;-103,563283;NAD83;NULL;NULL;NULL;North Dakota;McKenzie;1;0;0
DCAF5235-F746-4B34-9A47-D7291B5F3E39;2010-09-28 00:00:00.000;2010-09-28 00:00:00.000;37059254980000;37;59;EQT Production;WHITE 590380 ;39,98811;-80,10967;NAD83;NULL;NULL;NULL;Pennsylvania;Greene;1;0;0
911E9FB1-904F-4167-80DF-58B7847427E1;2010-09-30 00:00:00.000;2010-09-30 00:00:00.000;42367350620000;42;367;XTO Energy/ExxonMobil;Cotton Unit 1H;32,845417;-97,598367;NAD27;NULL;NULL;NULL;Texas;Parker;1;0;0
F31AEC70-17DD-41AC-AFDD-842833D40964;2010-10-01 00:00:00.000;2010-10-01 00:00:00.000;5045190840000;5;45;Encana Oil & Gas (USA) Inc.;Story Gulch Unit 8505B-25 F25 496;39,674188;-108,119892;NAD83;NULL;NULL;NULL;Colorado;Garfield;1;0;0
34ED107C-97E2-41C2-9D57-BA72CF864471;2010-10-02 14:00:43.000;2011-10-16 14:01:23.000;33061012740000;33;61;Hess Corporation; EN-Will Trust A-157-94-2734H 3;48,14001;-102,812162;NAD27;9920;1032036;0;North Dakota;Mountrail;2;0;0
B3BF2C36-6AF7-48D0-A0D5-79DB967A78D8;2010-10-07 00:00:00.000;2010-10-07 00:00:00.000;42439347510000;42;439;XTO Energy/ExxonMobil;Amon G Carter 1H;32,875328;-97,424142;NAD27;NULL;NULL;NULL;Texas;Tarrant;1;0;0
AC50EF73-F363-4A81-99BF-47B014D9444B;2010-10-11 00:00:00.000;2010-10-11 00:00:00.000;37105216520000;37;105;Pennsylvania General Energy;Pine Hill #2414;41,614739;-77,876457;NAD83;6200;5911646;NULL;Pennsylvania;Potter;1;0;0
19F9F8D5-1DDB-4316-A872-CD9753A2CF50;2010-10-13 00:00:00.000;2010-10-13 00:00:00.000;42121338520000;42;121;WPX Energy;Rice Ranch A4H;33,0649189;-97,1437208;NAD27;NULL;NULL;NULL;Texas;Denton;1;0;0
2780214E-7A91-4C2D-A174-4F0B1C590CB5;2010-10-14 00:00:00.000;2010-10-20 00:00:00.000;42123323090000;42;123;BHP Billiton Petroleum ;Muir A 1H;29,241935;-97,358332;NAD27;13043;4491238;0;Texas;DeWitt;2;0;0
742F11DB-C526-4495-B634-159994D8BB14;2010-10-15 18:24:00.000;2011-02-02 23:01:27.000;33061012740000;33;61;Hess Corporation; EN-Will Trust A 157-94-2734H3;48,4001;-102,812162;NAD27;10031;1032036;0;North Dakota;Mountrail;2;0;0
06234712-22DD-40DA-AA41-DCB85EBDC88B;2010-10-16 00:00:00.000;2010-10-16 00:00:00.000;5103116280000;5;103;WPX Energy;RGU 41-26-198;39,9392507;-108,3506028;NAD83;NULL;NULL;NULL;Colorado;Rio Blanco;1;0;0
86B0B016-1803-47A7-8935-127319E14B25;2010-10-16 00:00:00.000;2010-10-16 00:00:00.000;5103116290000;5;103;WPX Energy;RGU 511-25-198;39,9391601;-108,35053;NAD83;NULL;NULL;NULL;Colorado;Rio Blanco;1;0;0
E04EBE21-B997-4244-AF92-64169E9F1706;2010-10-16 00:00:00.000;2010-10-16 00:00:00.000;37059254700000;37;59;Energy Corporation of America;Penneco Morrow  #1MH;39,841411;-80,086167;NAD27;8230;4970406;NULL;PA;Greene;1;0;0
A3A5F072-3BCC-4BE0-BA3E-9E0B5A696B9F;2010-10-16 00:00:00.000;2010-10-16 00:00:00.000;42121338660000;42;121;WPX Energy;Rice Ranch B5H;33,0649188;-97,1436882;NAD27;NULL;NULL;NULL;Texas;Denton;1;0;0
0932E366-2B0F-404B-A3B1-AFC4A5E201FC;2010-10-18 00:00:00.000;2010-10-18 00:00:00.000;5103115180000;5;103;WPX Energy;RG 531-16-397;39,7929084;-108,2805816;NAD83;NULL;NULL;NULL;Colorado;Rio Blanco;1;0;0
A1BFD768-2655-468E-B995-090FD474BA76;2010-10-18 00:00:00.000;2010-10-18 00:00:00.000;5103115170000;5;103;WPX Energy;RG 41-16-397;39,7929451;-108,2805574;NAD83;NULL;NULL;NULL;Colorado;Rio Blanco;1;0;0
3299E97C-D8CE-4D8B-95D7-CE24311C0833;2010-10-20 00:00:00.000;2010-10-20 00:00:00.000;5045191980000;5;45;WPX Energy;SG 44-28;39,4045474;-108,110483;NAD83;NULL;NULL;NULL;Colorado;Garfield;1;0;0
987C415D-B52D-4325-8B2F-7B990C46AC82;2010-10-23 00:00:00.000;2010-10-23 00:00:00.000;37015205820000;37;15;Southwestern Energy ;HECKMAN-HIDUK G U #1H;41,772158;-76,225639;NAD27;NULL;NULL;NULL;Pennsylvania;Bradford;1;0;0
B83ECDD5-81D4-466C-B48D-38731B2AD1FD;2010-10-23 00:00:00.000;2010-10-23 00:00:00.000;37015205830000;37;15;Southwestern Energy ;FERGUSON-KEISLING G U #1H;41,7722;-76,225591;NAD27;NULL;NULL;NULL;Pennsylvania;Bradford;1;0;0
261CC8D5-7E90-4EB9-9D74-6A2BD6FD2DF3;2010-10-24 00:00:00.000;2010-10-24 00:00:00.000;37015205810000;37;15;Southwestern Energy ;HECKMAN-CAMP GU #1H;41,772253;-76,22574;NAD27;NULL;NULL;NULL;Pennsylvania;Bradford;1;0;0
EB4DAFA2-5777-4672-B43D-50FFF06F73C6;2010-10-24 00:00:00.000;2010-10-24 00:00:00.000;42227369940000;42;227;Athlon Energy Operating LLC;Nichols 16 #1;32,324129;-101,467171;NAD27;9781;1147829,603;NULL;Texas;Howard;1;0;0
8EC09258-A23D-4E7F-B18A-9FCE7AF27434;2010-10-25 14:00:43.000;2010-11-02 14:01:23.000;33061012890000;33;61;Hess Corporation; EN-FISHER-157-94-  2116H-2 1;48,40242;-102,826183;NAD27;9592;1463003;0;North Dakota;Mountrail;2;0;0
CC4DE86B-57A8-46A8-BA5F-5BB51FA32056;2010-10-27 00:00:00.000;2010-10-27 00:00:00.000;37059253890000;37;59;Energy Corporation of America;Hoge Noce #2-MH;39,883144;-79,988736;NAD83;8088;3806586;NULL;PA;Greene;1;0;0
11C54934-65E8-45F8-A3BB-2A26A1FA449D;2010-10-27 00:00:00.000;2010-10-27 00:00:00.000;37059254420000;37;59;Energy Corporation of America;Hoge Noce  #3 MH;39,883167;-79,988781;NAD83;8089;4090507;NULL;PA;Greene;1;0;0
74BFCD90-07E5-4525-8C76-3B1ED90AFFA3;2010-11-01 00:00:00.000;2010-11-01 00:00:00.000;37105216530000;37;105;Pennsylvania General Energy;Pine Hill #2415;41,61471;-77,87653;NAD83;6200;5814438;NULL;Pennsylvania;Potter;1;0;0
8DB6CAFF-84D1-4C77-9F8F-FF4EC4F36544;2010-11-04 00:00:00.000;2010-11-04 00:00:00.000;5045181070000;5;45;WPX Energy;PA 31-20;39,5141655;-108,0160713;NAD83;NULL;NULL;NULL;Colorado;Garfield;1;0;0
C8E085BC-4A77-45D2-BAFC-B0665DA97505;2010-11-06 00:00:00.000;2010-11-06 00:00:00.000;49035275820000;49;35;Encana Oil & Gas (USA) Inc.;Stud Horse Butte 34-15;42,485249;-109,697883;NAD83;NULL;NULL;NULL;Wyoming;Sublette;1;0;0
204F0653-4007-47C5-9AE4-15750FE7EE78;2010-11-06 00:00:00.000;2010-11-06 00:00:00.000;49035275900000;49;35;Encana Oil & Gas (USA) Inc.;Stud Horse Butte 32-15;42,486907;-109,695888;NAD83;NULL;NULL;NULL;Wyoming;Sublette;1;0;0
1B30667F-6E65-42F3-A216-54D2439BF642;2010-11-09 00:00:00.000;2010-11-09 00:00:00.000;49035266860000;49;35;Encana Oil & Gas (USA) Inc.;Stud Horse Butte 72-15;42,477975;-109,713099;NAD83;NULL;NULL;NULL;Wyoming;Sublette;1;0;0
F5385DE4-599A-455A-9CE6-2A43C237ADA4;2010-11-09 00:00:00.000;2010-11-09 00:00:00.000;49035275830000;49;35;Encana Oil & Gas (USA) Inc.;Stud Horse Butte 74-15;42,475923;-109,710996;NAD83;NULL;NULL;NULL;Wyoming;Sublette;1;0;0
25BD5E7D-DD71-4319-97E5-7AE43529967B;2010-11-12 00:00:00.000;2010-11-12 00:00:00.000;37129284030000;37;129;Chevron USA Inc.;Elias 12H;40,187194;-79,718;NAD83;NULL;NULL;NULL;Pennsylvania ;Westmoreland;1;0;0
3B8CDE07-7F0F-4C54-9EA6-8C82D5C21C26;2010-11-12 00:00:00.000;2010-11-12 00:00:00.000;37129284040000;37;129;Chevron USA Inc.;Elias 11H;40,187167;-79,718;NAD83;NULL;NULL;NULL;Pennsylvania ;Westmoreland;1;0;0
C0B56AEC-9FBE-48BC-A260-8DCBC27B6E42;2010-11-16 00:00:00.000;2010-11-16 00:00:00.000;37059253230000;37;59;CONSOL Energy Inc.;NV-26CV;39,9864;-80,28084;NAD27;NULL;NULL;NULL;PA;Greene;1;0;0
4E27B532-89D0-4CB8-8F41-3F36C8A47EBB;2010-11-17 00:00:00.000;2010-11-17 00:00:00.000;49035267690000;49;35;Encana Oil & Gas (USA) Inc.;Stud Horse Butte 19-10;42,502936;-109,701106;NAD83;NULL;NULL;NULL;Wyoming;Sublette;1;0;0
34F0E34B-F993-4EE6-BBF2-BBDC237C122C;2010-11-17 00:00:00.000;2010-11-17 00:00:00.000;49035268000000;49;35;Encana Oil & Gas (USA) Inc.;Stud Horse Butte 45-10;42,49747;-109,703658;NAD83;NULL;NULL;NULL;Wyoming;Sublette;1;0;0
167FB94C-6C14-4F6D-97F7-0BE4F351ACB7;2010-11-17 00:00:00.000;2010-11-17 00:00:00.000;49035250640000;49;35;Encana Oil & Gas (USA) Inc.;Jonah Federal 74-7;42,411649;-109,740428;NAD83;NULL;NULL;NULL;Wyoming;Sublette;1;0;0
EAF9B4DF-1D04-4D4E-94B4-2ACC9AAFA362;2010-11-18 00:00:00.000;2010-11-18 00:00:00.000;5045182590000;5;45;WPX Energy;NER 433-32;39,4749362;-107,7988374;NAD83;NULL;NULL;NULL;Colorado;Garfield;1;0;0
997BEF27-DE34-420A-AF23-DEA96A596131;2010-11-18 00:00:00.000;2010-11-18 00:00:00.000;49035276880000;49;35;Encana Oil & Gas (USA) Inc.;Stud Horse Butte 36-17;42,485022;-109,742635;NAD83;NULL;NULL;NULL;Wyoming;Sublette;1;0;0
5E817888-4052-4D33-BB89-70ED72026425;2010-11-19 00:00:00.000;2010-11-19 00:00:00.000;5045191800000;5;45;WPX Energy;SG 31-33;39,4044891;-108,1104387;NAD83;NULL;NULL;NULL;Colorado;Garfield;1;0;0
E2AA498A-87C4-4C20-849A-49DF290E1631;2010-11-19 00:00:00.000;2010-11-19 00:00:00.000;37059253930000;37;59;CONSOL Energy Inc.;NV-26CCV;39,98634;-80,28064;NAD27;NULL;NULL;NULL;PA;Greene;1;0;0
F8E777AF-3C7D-4D66-BA84-0A5241AC646F;2010-11-19 00:00:00.000;2010-11-25 00:00:00.000;42123323650000;42;123;BHP Billiton Petroleum ;Schendel A 1H;29,029216;-97,648268;NAD27;0;4950322;0;Texas;DeWitt;2;0;0
DB1AD939-DFE4-4702-BABF-E7BD528B09B8;2010-11-19 00:00:00.000;2010-11-25 00:00:00.000;42123323650000;42;123;Devon Energy Production Company L. P.;Schendel A 1H;29,014608;-97,385475;NAD83;13254;4950322;0;Texas;DeWitt;2;0;0
F90AF13B-4B67-4CD7-B4FF-957A3CAB08F9;2010-11-19 00:00:00.000;2010-11-19 00:00:00.000;49035278110000;49;35;Encana Oil & Gas (USA) Inc.;Stud Horse Butte 30-22;42,472566;-109,700349;NAD83;NULL;NULL;NULL;Wyoming;Sublette;1;0;0
87E43FC8-B70E-49AA-A825-838D58A2410D;2010-11-20 00:00:00.000;2010-11-20 00:00:00.000;5045191810000;5;45;WPX Energy;SG 331-33;39,4044774;-108,1104174;NAD83;NULL;NULL;NULL;Colorado;Garfield;1;0;0
FDFFE14B-B3E8-42DF-8E80-D0B38498B62D;2010-11-20 00:00:00.000;2010-11-20 00:00:00.000;5045182160000;5;45;WPX Energy;GM 321-27;39,4958704;-108,0914219;NAD83;NULL;NULL;NULL;Colorado;Garfield;1;0;0
45A0E384-9DDC-473F-8F0B-07F991F41957;2010-11-20 00:00:00.000;2010-11-20 00:00:00.000;5045182200000;5;45;WPX Energy;GM 21-27;39,4958875;-108,0914074;NAD83;NULL;NULL;NULL;Colorado;Garfield;1;0;0
EDB48D59-2879-483B-AAE9-296113A71D0E;2010-11-20 00:00:00.000;2010-11-20 00:00:00.000;5045182180000;5;45;WPX Energy;GM 521-27;39,4959046;-108,0913924;NAD83;NULL;NULL;NULL;Colorado;Garfield;1;0;0
E1C80EC3-BC2A-476F-BC41-4A9D2AD93480;2010-11-20 00:00:00.000;2010-11-20 00:00:00.000;37083544760000;37;83;Pennsylvania General Energy;Heartwood #2388;41,671179;-78,253747;NAD83;NULL;NULL;NULL;Pennsylvania;McKean;1;0;0
DAFF33C1-A179-4B4C-9803-CADFA3756132;2010-11-21 00:00:00.000;2010-11-21 00:00:00.000;5045182240000;5;45;WPX Energy;GM 532-27;39,4958896;-108,0913631;NAD83;NULL;NULL;NULL;Colorado;Garfield;1;0;0
A20773B8-5EFA-4FFA-9BFF-9E119F58998F;2010-11-22 00:00:00.000;2010-11-22 00:00:00.000;5045191930000;5;45;WPX Energy;SG 431-33;39,4044653;-108,1103955;NAD83;NULL;NULL;NULL;Colorado;Garfield;1;0;0
B3D9278E-9125-415A-B608-7DBE2FB4FE06;2010-11-22 00:00:00.000;2010-11-22 00:00:00.000;37117203710000;37;117;Talisman Energy USA Inc.;DCNR 587 (02-008-03);41,67558889;-76,97834722;NAD83;NULL;NULL;NULL;Pennsylvania;Tioga;1;0;0
0C1DA3BD-7A98-4F91-95E7-F47465CCAA4D;2010-11-22 00:00:00.000;2010-11-22 00:00:00.000;37117203740000;37;117;Talisman Energy USA Inc.;DCNR 587 (02-008-06);41,67531944;-76,97841667;NAD83;NULL;NULL;NULL;Pennsylvania;Tioga;1;0;0
158B13E9-9609-4AB1-B68B-A010DB6B76CB;2010-11-23 00:00:00.000;2010-11-23 00:00:00.000;5045191710000;5;45;WPX Energy;SG 341-33;39,4044533;-108,1103741;NAD83;NULL;NULL;NULL;Colorado;Garfield;1;0;0
C9E1B0CF-A859-47AD-9B7A-E0FD37B1A832;2010-11-23 00:00:00.000;2010-11-23 00:00:00.000;5045192000000;5;45;WPX Energy;SG 41-33;39,4044756;-108,1103534;NAD83;NULL;NULL;NULL;Colorado;Garfield;1;0;0
8EBE04FD-FAF0-4CE7-8ADE-79EB08A0C70D;2010-11-23 00:00:00.000;2010-11-23 00:00:00.000;42431309460000;42;431;Chevron USA Inc.;EB Cope B-2;31,68714;-101,24213;NAD27;NULL;NULL;NULL;Texas;Sterling;1;0;0
41521195-85AA-4B40-ACD5-F1CAF73A1692;2010-11-29 00:00:00.000;2010-11-29 00:00:00.000;5045191730000;5;45;WPX Energy;SG 544-28;39,4044876;-108,110375;NAD83;NULL;NULL;NULL;Colorado;Garfield;1;0;0
CE7AE0BD-5A4D-49E7-8A2E-5E6A4B7F8D37;2010-11-30 00:00:00.000;2010-11-30 00:00:00.000;5103114530000;5;103;WPX Energy;RGU 312-25-198;39,9390813;-108,3504991;NAD83;NULL;NULL;NULL;Colorado;Rio Blanco;1;0;0
A92ABB49-C68D-4042-BD54-7D2F3FED2396;2010-11-30 00:00:00.000;2010-11-30 00:00:00.000;5045178240000;5;45;WPX Energy;GM  444-32;39,4806526;-108,126454;NAD83;NULL;NULL;NULL;Colorado;Garfield;1;0;0
F8CCF2E5-232F-4F16-8399-7CB3F940CCBF;2010-11-30 00:00:00.000;2010-11-30 00:00:00.000;5103114510000;5;103;WPX Energy;RGU 541-26-198;39,9391916;-108,3505796;NAD83;NULL;NULL;NULL;Colorado;Rio Blanco;1;0;0
67664A91-94B5-4903-AAB5-A3A7E69B7FC9;2010-11-30 00:00:00.000;2010-11-30 00:00:00.000;5103114500000;5;103;WPX Energy;RGU 342-26-198;39,9391325;-108,3505564;NAD83;NULL;NULL;NULL;Colorado;Rio Blanco;1;0;0
D4760811-2126-4492-AB26-1AADF60ADD75;2010-11-30 00:00:00.000;2010-11-30 00:00:00.000;5045178210000;5;45;WPX Energy;GM 343-32;39,4806762;-108,1264719;NAD83;NULL;NULL;NULL;Colorado;Garfield;1;0;0
9E90906F-8187-4910-8E50-6B0B3E5E720B;2010-11-30 00:00:00.000;2010-11-30 00:00:00.000;37105216830000;37;105;Pennsylvania General Energy;Fisk Hollow PV PAD A #2449;41,846799;-78,156477;NAD83;5800;6165461;NULL;Pennsylvania;Potter;1;0;0
886D7708-4B6E-4CCC-A873-7AFAEB5D685B;2010-12-01 00:00:00.000;2010-12-01 00:00:00.000;5123316420000;5;123;Carrizo Oil & Gas, Inc.;State 16-11-9-60H;40,755031;-104,104749;NAD83;NULL;NULL;NULL;Colorado;Weld;1;0;0
8870AFA5-9C54-404A-9B99-89EE7606FC50;2010-12-01 00:00:00.000;2010-12-01 00:00:00.000;37105216840000;37;105;Pennsylvania General Energy;Fisk Hollow PV PAD A #2450;41,846806;-78,156422;NAD83;5800;5056434;NULL;Pennsylvania;Potter;1;0;0
C1F1BE43-5F39-43A4-B5E4-CCFC9D206657;2010-12-02 00:00:00.000;2010-12-02 00:00:00.000;5045178290000;5;45;WPX Energy;GM 34-32;39,4805822;-108,1266779;NAD83;NULL;NULL;NULL;Colorado;Garfield;1;0;0
8656A508-ED0F-4F33-B9A5-A3D5107EC5A1;2010-12-02 00:00:00.000;2010-12-02 00:00:00.000;37105216820000;37;105;Pennsylvania General Energy;Fisk Hollow PV PAD A #2448;41,846792;-78,156531;NAD83;5800;6134378;NULL;Pennsylvania;Potter;1;0;0
4460A3BE-A9A7-41D9-908B-56013F2B4F06;2010-12-03 00:00:00.000;2010-12-03 00:00:00.000;49035279190000;49;35;Encana Oil & Gas (USA) Inc.;Stud Horse Butte 60-14;42,481495;-109,688902;NAD83;NULL;NULL;NULL;Wyoming;Sublette;1;0;0
09D54273-7844-4D4E-BBAC-09F563ECAD3B;2010-12-03 00:00:00.000;2010-12-03 00:00:00.000;49035279180000;49;35;Encana Oil & Gas (USA) Inc.;Stud Horse Butte 114-14;42,481164;-109,686912;NAD83;NULL;NULL;NULL;Wyoming;Sublette;1;0;0
78882BB1-459E-4786-9907-95D536B78BD5;2010-12-04 00:00:00.000;2010-12-04 00:00:00.000;5045178250000;5;45;WPX Energy;GM  44-32;39,4806421;-108,1264768;NAD83;NULL;NULL;NULL;Colorado;Garfield;1;0;0
67DD45F5-FBBE-47D6-89E4-7BC41CB34266;2010-12-04 00:00:00.000;2010-12-04 00:00:00.000;37059254880000;37;59;Energy Corporation of America;Meadows #6MH;39,884175;-80,045208;NAD83;7944;3741192;NULL;PA;Greene;1;0;0
160EF10B-9F67-41E1-B093-0F6092ECDDC2;2010-12-04 00:00:00.000;2010-12-04 00:00:00.000;37051243160000;37;51;Chevron USA Inc.;Skovran 32H;39,935247;-79,853619;NAD83;NULL;NULL;NULL;Pennsylvania ;Fayette;1;0;0
77E0AB3A-B294-4F7E-B4E6-FD8640A20AF7;2010-12-05 00:00:00.000;2010-12-05 00:00:00.000;37059254870000;37;59;Energy Corporation of America;Meadows #5MH;39,884181;-80,045258;NAD83;7991;3950394;NULL;PA;Greene;1;0;0
9FAB3C1B-695C-4BA1-AAC6-4A92D165F1D6;2010-12-06 00:00:00.000;2010-12-06 00:00:00.000;37015204980000;37;15;Talisman Energy USA Inc.;Ziegler (03-001-03);41,83904444;-76,84635556;NAD83;NULL;NULL;NULL;Pennsylvania;Bradford;1;0;0
0FF9D087-B90C-4D1F-B868-BB561230A4ED;2010-12-06 00:00:00.000;2010-12-06 00:00:00.000;37117203730000;37;117;Talisman Energy USA Inc.;DCNR 587 (02-008-05);41,67531389;-76,978325;NAD83;NULL;NULL;NULL;Pennsylvania;Tioga;1;0;0
EFC56251-4F67-4AF9-B24C-A1D460298D9F;2010-12-06 00:00:00.000;2010-12-06 00:00:00.000;37015204970000;37;15;Talisman Energy USA Inc.;Ziegler (03-001-02);41,83905;-76,84626389;NAD83;NULL;NULL;NULL;Pennsylvania;Bradford;1;0;0
EC081646-5F05-4929-B87D-33C33F7625AA;2010-12-06 00:00:00.000;2010-12-06 00:00:00.000;37117203720000;37;117;Talisman Energy USA Inc.;DCNR 587 (02-008-04);41,67531111;-76,97823333;NAD83;NULL;NULL;NULL;Pennsylvania;Tioga;1;0;0
F023BF30-2A5E-4D27-AE77-7C3F64EA8957;2010-12-07 00:00:00.000;2010-12-07 00:00:00.000;37059254860000;37;59;Energy Corporation of America;Meadows #4MH;39,884183;-80,045317;NAD83;8110;2981706;NULL;PA;Greene;1;0;0
9384D812-C0C3-4B1E-AEF6-6529CC473EC0;2010-12-07 00:00:00.000;2010-12-07 00:00:00.000;37015204990000;37;15;Talisman Energy USA Inc.;Ziegler (03-001-04);41,83904167;-76,84644722;NAD83;NULL;NULL;NULL;Pennsylvania;Bradford;1;0;0
9D1023D9-9DD1-4302-BEE6-D752ECBCFC21;2010-12-08 00:00:00.000;2010-12-08 00:00:00.000;37051243170000;37;51;Chevron USA Inc.;Skovran 33H ;39,935214;-79,853547;NAD83;NULL;NULL;NULL;Pennsylvania ;Fayette;1;0;0
C42B47E2-312A-4A82-B9BA-3D11E05DF2B4;2010-12-08 00:00:00.000;2010-12-08 00:00:00.000;42121339170000;42;121;Encana Oil & Gas (USA) Inc.;Robson Ranch 611H;33,133039;-97,228393;NAD27;NULL;NULL;NULL;Texas;Denton;1;0;0
0B750AB6-B2AD-4B85-AF90-9700F53A6CC9;2010-12-08 00:00:00.000;2010-12-08 00:00:00.000;42121339160000;42;121;Encana Oil & Gas (USA) Inc.;Robson Ranch 612H;33,132984;-97,228396;NAD27;NULL;NULL;NULL;Texas;Denton;1;0;0
5BCE904D-17AA-488C-B1E2-EAD0D92F091A;2010-12-08 00:00:00.000;2010-12-08 00:00:00.000;42121339090000;42;121;Encana Oil & Gas (USA) Inc.;Robson Ranch 610H;33,133039;-97,228393;NAD27;NULL;NULL;NULL;Texas;Denton;1;0;0
D32BD8A7-6545-4E56-8D8C-BDB06220A0D6;2010-12-09 00:00:00.000;2010-12-09 00:00:00.000;5013065470000;5;13;Encana Oil & Gas (USA) Inc.;Wheeler 33-1;40,07847;-105,062628;NAD83;NULL;NULL;NULL;Colorado;Boulder;1;0;0
AB0C7F4E-CB54-41F8-9AC9-87B79DF5E12A;2010-12-10 00:00:00.000;2010-12-10 00:00:00.000;5103116500000;5;103;WPX Energy;RG 12-5-397;39,81918;-108,30608;NAD83;NULL;NULL;NULL;Colorado;Rio Blanco;1;0;0
70D739CF-566C-40C9-A01A-0C2D1E331577;2010-12-10 00:00:00.000;2010-12-10 00:00:00.000;5103115070000;5;103;WPX Energy;RG 532-5-397;39,8191495;-108,3066891;NAD83;NULL;NULL;NULL;Colorado;Rio Blanco;1;0;0
D1244FE0-6306-4DD0-8266-A6EB04341C7D;2010-12-10 00:00:00.000;2010-12-10 00:00:00.000;37105216840000;37;105;Pennsylvania General Energy;Fisk Hollow PV PAD A #2451;41,846813;-78,156368;NAD83;5800;2816226;NULL;Pennsylvania;Potter;1;0;0
D7BC422E-C26E-4F56-AD0C-2D123BE1F431;2010-12-10 00:00:00.000;2010-12-10 00:00:00.000;42439350840000;42;439;XTO Energy/ExxonMobil;Ole Gieser Unit D 6H;32,558525;-97,215242;NAD27;NULL;NULL;NULL;Texas;Tarrant;1;0;0
FF61184E-F542-46D0-A1E6-2C37034CC28B;2010-12-14 00:00:00.000;2010-12-14 00:00:00.000;5045191140000;5;45;Encana Oil & Gas (USA) Inc.;Story Gulch Unit 8509B-36 B36 496;39,664108;-108,113396;NAD83;NULL;NULL;NULL;Colorado;Garfield;1;0;0
2BAAC1DD-535B-418C-8CC2-D9C6AC425648;2010-12-14 00:00:00.000;2010-12-14 00:00:00.000;5045191170000;5;45;Encana Oil & Gas (USA) Inc.;Story Gulch Unit 8508D-36 B36 496;39,664128;-108,113384;NAD83;NULL;NULL;NULL;Colorado;Garfield;1;0;0
BA5451C9-12AB-4C14-8346-93F38C889F52;2010-12-14 00:00:00.000;2010-12-14 00:00:00.000;5045191150000;5;45;Encana Oil & Gas (USA) Inc.;Story Gulch Unit 8505D-36 B36 496;39,664117;-108,113422;NAD83;NULL;NULL;NULL;Colorado;Garfield;1;0;0
FBA7A3CC-8686-4332-8C0A-452F64EC8A6F;2010-12-14 00:00:00.000;2010-12-14 00:00:00.000;5103114540000;5;103;WPX Energy;RGU 544-23-198;39,9392705;-108,3506106;NAD83;NULL;NULL;NULL;Colorado;Rio Blanco;1;0;0
61B8005E-0AF6-4656-99B0-2D2FE5E9D1F4;2010-12-14 00:00:00.000;2010-12-14 00:00:00.000;5103114480000;5;103;WPX Energy;RGU 411-25-198;39,9391996;-108,3505455;NAD83;NULL;NULL;NULL;Colorado;Rio Blanco;1;0;0
2E12E684-293D-4BD6-8E16-6A644E4B7251;2010-12-15 00:00:00.000;2010-12-15 00:00:00.000;5045191200000;5;45;Encana Oil & Gas (USA) Inc.;Story Gulch Unit 8505C-36 B36 496;39,664137;-108,11341;NAD83;NULL;NULL;NULL;Colorado;Garfield;1;0;0
B5FED7C2-1116-4C84-A7C9-66DE4CB48DF8;2010-12-16 00:00:00.000;2010-12-16 00:00:00.000;42211347460000;42;211;Plains Exploration & Production Company;Hanson 29-3H;35,7793;-100,11114;NAD83;NULL;NULL;NULL;Texas;Hemphill;1;0;0
96A629E6-7217-419D-8AC3-D09501D85FFF;2010-12-18 00:00:00.000;2010-12-18 00:00:00.000;17081212220000;17;81;Encana Oil & Gas (USA) Inc.;Bundrick Land 34H-01 Alt;32,163293;-93,475972;NAD27;NULL;NULL;NULL;Louisiana;Red River;1;0;0
D464B452-A721-4D43-80C8-F0BED585B437;2010-12-18 00:00:00.000;2010-12-18 00:00:00.000;5045181090000;5;45;WPX Energy;PA 431-20;39,5140904;-108,0160285;NAD83;NULL;NULL;NULL;Colorado;Garfield;1;0;0
82C8FD56-D280-4C46-B541-1B3306272432;2010-12-18 00:00:00.000;2010-12-18 00:00:00.000;5045181040000;5;45;WPX Energy;PA 514-16;39,5140825;-108,015985;NAD83;NULL;NULL;NULL;Colorado;Garfield;1;0;0
8B633F87-FD0B-41F9-B470-4DE85217A75C;2010-12-18 00:00:00.000;2011-01-17 00:00:00.000;42123323610000;42;123;Devon Energy Production Company L. P.;Oliver C #1H;29,145847;-97,24362;NAD83;12540;5079359;0;Texas;DeWitt;2;0;0
148F5FDD-F649-432C-BB61-B73D73889F2F;2010-12-18 00:00:00.000;2010-12-18 00:00:00.000;49035279150000;49;35;Encana Oil & Gas (USA) Inc.;SHB 122-16;42,476104;-109,727686;NAD83;NULL;NULL;NULL;Wyoming;Sublette;1;0;0
1505BD89-8933-4365-9A87-32F6091EA1F3;2010-12-18 00:00:00.000;2010-12-18 00:00:00.000;49035278600000;49;35;Encana Oil & Gas (USA) Inc.;Stud Horse Butte 75-16;42,476081;-109,727587;NAD83;NULL;NULL;NULL;Wyoming;Sublette;1;0;0
92724B7A-7BC4-4151-8991-31B4209129A8;2010-12-19 00:00:00.000;2010-12-19 00:00:00.000;47041056140000;47;41;Triana Energy;Villers 1H;38,041598;-80,27297;NAD83;7030;1855644;NULL;WV;Taylor;1;0;0
DDD0E3E6-32F7-4E01-95AC-B9CF7C75DCF1;2010-12-19 00:00:00.000;2010-12-19 00:00:00.000;49035278100000;49;35;Encana Oil & Gas (USA) Inc.;Stud Horse Butte 58-22;42,465328;-109,709921;NAD83;NULL;NULL;NULL;Wyoming;Sublette;1;0;0
491CB2FD-2D0F-4757-AB27-40DFA34DFEC5;2010-12-20 00:00:00.000;2010-12-20 00:00:00.000;5045182170000;5;45;WPX Energy;GM 31-27;39,4958381;-108,0914072;NAD83;NULL;NULL;NULL;Colorado;Garfield;1;0;0
856E3EBD-0FB1-416A-8196-9F31966E5276;2010-12-20 00:00:00.000;2010-12-20 00:00:00.000;5045182110000;5;45;WPX Energy;GM 22-27;39,4958189;-108,0914661;NAD83;NULL;NULL;NULL;Colorado;Garfield;1;0;0
757D9B97-FD9B-4604-821D-9B034E1BE7E8;2010-12-20 00:00:00.000;2010-12-20 00:00:00.000;5045182150000;5;45;WPX Energy;GM 421-27;39,495836;-108,0914511;NAD83;NULL;NULL;NULL;Colorado;Garfield;1;0;0
26CC5BF5-2B99-4CD6-B558-83FA05260F1B;2010-12-20 00:00:00.000;2010-12-20 00:00:00.000;49035277820000;49;35;Encana Oil & Gas (USA) Inc.;Stud Horse Butte 74-28;42,447686;-109,729473;NAD83;NULL;NULL;NULL;Wyoming;Sublette;1;0;0
24B2DFDD-7FDF-4A6B-B046-DDD4EDF90CBA;2010-12-20 00:00:00.000;2010-12-20 00:00:00.000;49035272810000;49;35;Encana Oil & Gas (USA) Inc.;Stud Horse Butte 56-22;42,467091;-109,713077;NAD83;NULL;NULL;NULL;Wyoming;Sublette;1;0;0
9BB8D076-BD76-4AD3-84A4-E2B20882A28C;2010-12-20 00:00:00.000;2010-12-20 00:00:00.000;49035277830000;49;35;Encana Oil & Gas (USA) Inc.;Stud Horse Butte 72-28;42,44775;-109,730177;NAD83;NULL;NULL;NULL;Wyoming;Sublette;1;0;0
B0D60E52-7109-42A1-9B68-C50F7F8F22B2;2010-12-21 00:00:00.000;2010-12-21 00:00:00.000;5045181030000;5;45;WPX Energy;PA 414-16;39,5140638;-108,0159744;NAD83;NULL;NULL;NULL;Colorado;Garfield;1;0;0
FB4288A0-A155-4635-A318-6605D29B8476;2010-12-23 00:00:00.000;2010-12-23 00:00:00.000;5045182210000;5;45;WPX Energy;GM 322-27;39,4957866;-108,091451;NAD83;NULL;NULL;NULL;Colorado;Garfield;1;0;0
F26221AA-4936-480B-BD3C-DA10399526AB;2010-12-23 00:00:00.000;2010-12-23 00:00:00.000;5045182120000;5;45;WPX Energy;GM 522-27;39,4958018;-108,0914807;NAD83;NULL;NULL;NULL;Colorado;Garfield;1;0;0
81C8F35B-9BA2-4D56-9246-7E5003B821F3;2010-12-23 00:00:00.000;2010-12-23 00:00:00.000;42203349520000;42;203;Anadarko Petroleum Corporation;Letourneau 6-30HH;32,4030208;-94,6257256;NAD27;NULL;NULL;NULL;Texas;Harrison;1;0;0
B89CC09C-D079-4B42-9EBD-E1DD9F059B2D;2010-12-26 00:00:00.000;2010-12-26 00:00:00.000;37053293810000;37;53;Pennsylvania General Energy;Forest #2365;41,45986;-79,300694;NAD83;5135;7595793;NULL;Pennsylvania;Forest;1;0;0
4885664F-B21E-4F9F-BDEF-56EB9C0C82A0;2010-12-27 00:00:00.000;2010-12-27 00:00:00.000;17081210670000;17;81;BHP Billiton Petroleum;Dupree Land 29H #1;32,0430013;-93,250195;NAD27;NULL;NULL;NULL;LA;Red River Parish;1;0;0
BD740230-6FD7-4F35-86FB-E6A5A581AC7A;2010-12-27 00:00:00.000;2010-12-27 00:00:00.000;5103115400000;5;103;XTO Energy/ExxonMobil;FRU 197-34 A5;39,918116;-108,27694;WGS84;NULL;NULL;NULL;Colorado;Rio Blanco;1;0;0
02733F07-6942-40B2-AFB7-11FCDCD0450D;2010-12-27 00:00:00.000;2011-01-01 00:00:00.000;37065268660000;37;65;EQT Production;590515;41,19489;-78,78461;NAD83;6669;6016004;0;Pennsylvania;Jefferson;2;0;0
9AB44F1B-EE5A-4B18-98AE-72CF13F238FA;2010-12-27 00:00:00.000;2010-12-27 00:00:00.000;49025236160000;49;25;Anadarko Petroleum Corporation;22WC2SE01;43,3869;-106,2707;NAD27;NULL;NULL;NULL;Wyoming;Natrona;1;0;0
546C24DA-C71A-41D3-AA8C-D710A278727A;2010-12-28 00:00:00.000;2010-12-28 00:00:00.000;17013220620000;17;13;BHP Billiton Petroleum;Colvin 3H #1;32,243327;-93,1628613;NAD27;NULL;NULL;NULL;LA;Bienville Parish;1;0;0
B80FAE79-442F-4DAF-81B1-111BA93B3A84;2010-12-28 00:00:00.000;2010-12-28 00:00:00.000;5045189080000;5;45;Encana Oil & Gas (USA) Inc.;N Parachute WF09D-21 K22 596;39,599242;-108,159065;WGS84;NULL;NULL;NULL;Colorado;Garfield;1;0;0
42762471-E67F-4807-894C-4A4C32BFBB8D;2010-12-28 00:00:00.000;2010-12-28 00:00:00.000;5045188920000;5;45;Encana Oil & Gas (USA) Inc.;N Parachute WF13C-22 K22 596;39,59922;-108,159057;WGS84;NULL;NULL;NULL;Colorado;Garfield;1;0;0
9119DA74-E7A3-45CA-9AAE-2B4468AA83FD;2010-12-28 00:00:00.000;2010-12-28 00:00:00.000;5103115430000;5;103;XTO Energy/ExxonMobil;FRU 197-34 A2;39,917997;-108,27693;WGS84;NULL;NULL;NULL;Colorado;Rio Blanco;1;0;0
E61B8255-F6FA-453B-A052-3AA1A2A8708B;2010-12-28 00:00:00.000;2010-12-28 00:00:00.000;5103115440000;5;103;XTO Energy/ExxonMobil;FRU 197-34 A1;39,91795722;-108,2769122;WGS84;NULL;NULL;NULL;Colorado;Rio Blanco;1;0;0
EBBB2160-5D1E-4D3F-B9DE-48663252C30C;2010-12-28 00:00:00.000;2010-12-28 00:00:00.000;33105018340000;33;105;XTO Energy/ExxonMobil;Helen 11X-5;48,196706;-103,062425;NAD83;NULL;NULL;NULL;North Dakota;Williams;1;0;0
FD4AB721-CAAD-42BC-A1CE-D2493692F6AC;2010-12-28 00:00:00.000;2010-12-28 00:00:00.000;37065268660000;37;65;EQT Production;Frano 590515;41,19489;-78,78461;NAD83;NULL;NULL;NULL;Pennsylvania;Jefferson;1;0;0
F5B48B31-FF5D-4F16-A273-D7503BFAD00E;2010-12-28 00:00:00.000;2010-12-28 00:00:00.000;42439336980000;42;439;Encana Oil & Gas (USA) Inc.;Mercer Ranch 504H;32,646533;-97,489331;NAD27;NULL;NULL;NULL;Texas;Tarrant;1;0;0
6F477CF4-C4B9-4917-9C11-AB594A28F20A;2010-12-28 00:00:00.000;2010-12-28 00:00:00.000;42121339870000;42;121;WPX Energy;Casner 5H;33,051817;-97,1441718;NAD27;NULL;NULL;NULL;Texas;Denton;1;0;0
D38B9269-A4FB-4A8E-AA84-921CF3375B8A;2010-12-28 00:00:00.000;2010-12-28 00:00:00.000;42121340060000;42;121;WPX Energy;Cummings C East 12H;33,0518994;-97,1441682;NAD27;NULL;NULL;NULL;Texas;Denton;1;0;0
E08BC583-7392-4F6F-8FFC-DCD0402C0871;2010-12-28 00:00:00.000;2010-12-28 00:00:00.000;49025205730000;49;25;Anadarko Petroleum Corporation;38WC2SW31;43,3869;-106,2707;NAD27;NULL;NULL;NULL;Wyoming;Natrona;1;0;0
AF1F7ED3-8082-4B7B-92E9-9C6E473A908E;2010-12-28 00:00:00.000;2010-12-28 00:00:00.000;49025236600000;49;25;Anadarko Petroleum Corporation;22RWC2SW06;43,37346;-106,26549;NAD27;NULL;NULL;NULL;Wyoming;Natrona;1;0;0
56AACC66-937E-4A8A-A665-B6AF58EFD368;2010-12-28 00:00:00.000;2010-12-28 00:00:00.000;49025091930000;49;25;Anadarko Petroleum Corporation;24WC2NW12;43,45266;-106,28222;NAD27;NULL;NULL;NULL;Wyoming;Natrona;1;0;0
2E4E4058-E0EB-4C19-981A-7176D70B2BFC;2010-12-28 00:00:00.000;2010-12-28 00:00:00.000;49025236570000;49;25;Anadarko Petroleum Corporation;07DWC1NE06;43,38258;-106,26;NAD27;NULL;NULL;NULL;Wyoming;Natrona;1;0;0
1DDC6D99-5900-4451-896F-82ACC697AAD2;2010-12-28 00:00:00.000;2010-12-28 00:00:00.000;49025205960000;49;25;Anadarko Petroleum Corporation;17WC2NW32;43,39672;-106,25013;NAD27;NULL;NULL;NULL;Wyoming;Natrona;1;0;0
ED2EE9BC-BD59-4754-AE0A-9D2541D6B2CD;2010-12-29 00:00:00.000;2010-12-29 00:00:00.000;5103115420000;5;103;XTO Energy/ExxonMobil;FRU 197-34 A3;39,918036;-108,27694;WGS84;NULL;NULL;NULL;Colorado;Rio Blanco;1;0;0
FF56FD9C-9235-4D09-A2E0-F462DA5692C1;2010-12-29 00:00:00.000;2010-12-29 00:00:00.000;33105018340000;33;105;XTO Energy/ExxonMobil;Madisyn State 44x-1;48,183858;-102,829478;NAD83;NULL;NULL;NULL;North Dakota;Williams;1;0;0
75DA7D9F-432C-44B4-BE38-EFF3AD1C7779;2010-12-29 00:00:00.000;2010-12-29 00:00:00.000;42439337040000;42;439;Encana Oil & Gas (USA) Inc.;Mercer Ranch 508H;32,646533;-97,489282;NAD27;NULL;NULL;NULL;Texas;Tarrant;1;0;0
6DB1B9C5-6707-4145-8074-ABD6F0838FB0;2010-12-29 00:00:00.000;2010-12-29 00:00:00.000;47091011890000;47;91;Triana Energy;Currey 2H;39,3515;-80,14084;NAD83;NULL;NULL;NULL;WV;Taylor;1;0;0
8442E6C3-9BD3-43C2-B8D9-2FB691FB9793;2010-12-29 00:00:00.000;2010-12-29 00:00:00.000;49025207180000;49;25;Anadarko Petroleum Corporation;20WC2SE30;43,40242;-106,25949;NAD27;NULL;NULL;NULL;Wyoming;Natrona;1;0;0
A0B19903-ADD1-4E71-8E94-33974A853DC0;2010-12-29 00:00:00.000;2010-12-29 00:00:00.000;49025236720000;49;25;Anadarko Petroleum Corporation;33RWC1NE06;43,37822;-106,25751;NAD27;NULL;NULL;NULL;Wyoming;Natrona;1;0;0
D1E5D914-EBF3-4762-B9FF-97DC3F762C09;2010-12-29 00:00:00.000;2010-12-29 00:00:00.000;49025206600000;49;25;Anadarko Petroleum Corporation;26WC2SE11;43,44434;-106,2935;NAD27;NULL;NULL;NULL;Wyoming;Natrona;1;0;0
752D303F-D70E-4174-8C46-BC18C2140DBF;2010-12-29 00:00:00.000;2010-12-29 00:00:00.000;49025096220000;49;25;Anadarko Petroleum Corporation;34WC2NE06;43,3786;-106,25543;NAD27;NULL;NULL;NULL;Wyoming;Natrona;1;0;0
460FDCAF-A639-4788-8620-8D3F87E4D9FE;2010-12-29 00:00:00.000;2010-12-29 00:00:00.000;49025115090000;49;25;Anadarko Petroleum Corporation;31AWC1NE06;43,378398;-106,260851;NAD27;NULL;NULL;NULL;Wyoming;Natrona;1;0;0
F31A6EAC-E8E9-41F2-983D-465A8CEA6DD4;2010-12-29 00:00:00.000;2010-12-29 00:00:00.000;49025236510000;49;25;Anadarko Petroleum Corporation;35WC1NE06;43,37881;-106,2541;NAD27;NULL;NULL;NULL;Wyoming;Natrona;1;0;0
560B0D6A-0007-43E3-AC39-D2B203DAAB9B;2010-12-29 00:00:00.000;2010-12-29 00:00:00.000;42251340620000;42;251;XTO Energy/ExxonMobil;MFG 2H;32,503375;-97,350753;NAD27;NULL;NULL;NULL;Texas;Johnson;1;0;0
95D50DA8-38BE-42CB-8AA8-82018173DD29;2010-12-30 00:00:00.000;2010-12-30 00:00:00.000;17081212360000;17;81;Encana Oil & Gas (USA) Inc.;Maxie Almond 12H-01;32,032683;-93,354533;NAD27;NULL;NULL;NULL;Louisiana;Red River;1;0;0
0AF32A4C-0F87-402C-899B-237C70F5A06E;2010-12-30 00:00:00.000;2010-12-30 00:00:00.000;49025088480000;49;25;Anadarko Petroleum Corporation;29WC2SE14;43,42993;-106,29846;NAD27;NULL;NULL;NULL;Wyoming;Natrona;1;0;0
124EEC8E-E934-441F-B380-1924FBDADC1F;2010-12-30 00:00:00.000;2010-12-30 00:00:00.000;49025233470000;49;25;Anadarko Petroleum Corporation;28WC2NE12;43,45108;-106,27735;NAD27;NULL;NULL;NULL;Wyoming;Natrona;1;0;0
39EF5932-2953-4F07-A1E6-D277C6F57673;2010-12-30 00:00:00.000;2010-12-30 00:00:00.000;49025231480000;49;25;Anadarko Petroleum Corporation;32WC2SW13;43,42865;-106,28826;NAD27;NULL;NULL;NULL;Wyoming;Natrona;1;0;0
00B708DE-9AE4-4010-AE80-C1ED300D8728;2010-12-31 00:00:00.000;2010-12-31 00:00:00.000;42419316350000;42;419;Encana Oil & Gas (USA) Inc.;Eubanks Unit 01H;31,724914;-94,132544;NAD27;NULL;NULL;NULL;Texas;Shelby;1;0;0
